area_name,project_name,n_sales
Al Barsha South Fifth,RED SQUARE,398
Al Barsha South Fifth,Binghatti Flare 01,391
Al Barsha South Fifth,Fashionz 1 By Danube,357
Al Barsha South Fourth,Bloom Towers,613
Al Barsha South Fourth,Binghatti Corner,553
Al Barsha South Fourth,Binghatti Amber,437
Al Barshaa South Second,Skyhills Astra by HRE,808
Al Barshaa South Second,Binghatti Hillviews,761
Al Barshaa South Second,Binghatti Hills,759
Al Barshaa South Third,SKYZ By Danube,536
Al Barshaa South Third,The central downtown,491
Al Barshaa South Third,TORINO BY ORO24,418
Al Hebiah First,Sobha Orbis,1442
Al Hebiah First,Sobha Solis,1042
Al Hebiah First,Binghatti Skyterraces,326
Al Hebiah Fourth,Elan,766
Al Hebiah Fourth,Aura,719
Al Hebiah Fourth,Sportz By Danube,576
Al Jadaf,Binghatti Avenue,485
Al Jadaf,Binghatti Ghost,334
Al Jadaf,Farhad Azizi Residence,321
Al Khairan First,Palace Residences - Dubai Creek Harbour,527
Al Khairan First,The Cove ll,518
Al Khairan First,CREEK EDGE,416
Al Merkadh,Sobha Hartland - The Crest,1032
Al Merkadh,Sobha Creek Vistas Heights,742
Al Merkadh,Sobha Hartland - Crest Grande,618
Al Thanyah Fifth,SEVEN CITY JLT,1791
Al Thanyah Fifth,Diamondz By Danube,539
Al Thanyah Fifth,MBL RESIDENCE,350
Al Warsan First,INTERNATIONAL CITY EMARATI,427
Al Warsan First,Lawnz Residence by Danube,344
Al Warsan First,Olivz Residence,291
Al Yelayiss 2,TOWN SQUARE ZAHRA,483
Al Yelayiss 2,RAWDA APARTMENTS,451
Al Yelayiss 2,MAHA TOWNHOUSES,395
Al Yufrah 1,The Valley - Venera,366
Al Yufrah 1,The Valley-Nara,340
Al Yufrah 1,The Valley - Nima,339
Bukadra,Skyvue,1026
Bukadra,SKYSCAPE,712
Bukadra,310 Riverside Crescent,451
Burj Khalifa,"The St. Regis Residences, Downtown Dubai",788
Burj Khalifa,Grande,732
Burj Khalifa,Burj Royale,534
Business Bay,Binghatti Skyrise,1472
Business Bay,AL HABTOOR CITY,748
Business Bay,Peninsula Four,689
Hadaeq Sheikh Mohammed Bin Rashid,MAG EYE Phase 1,1104
Hadaeq Sheikh Mohammed Bin Rashid,PARK RIDGE,759
Hadaeq Sheikh Mohammed Bin Rashid,Elvira,542
Jabal Ali First,Sobha Central Phase I,548
Jabal Ali First,Sobha Central Phase II,386
Jabal Ali First,The Nook,374
Madinat Al Mataar,AZIZI VENICE 14,1111
Madinat Al Mataar,AZIZI VENICE 7,629
Madinat Al Mataar,MAG 5 BOULEVARD,547
Madinat Dubai Almelaheyah,CHELSEA RESIDENCES 2 BY DAMAC,459
Madinat Dubai Almelaheyah,Breez by Danube,456
Madinat Dubai Almelaheyah,Oceanz 2 By Danube,364
Marsa Dubai,Bluewaters Residences,645
Marsa Dubai,DAMAC BAY,554
Marsa Dubai,Grand Bleu Tower interiors by Elie Saab,553
Me'Aisem First,Binghatti Elite,584
Me'Aisem First,LAKESIDE,579
Me'Aisem First,Samana Resorts,485
Palm Jumeirah,Seven Hotel and Apartments The Palm,436
Palm Jumeirah,MARINA RESIDENCE,359
Palm Jumeirah,GOLDEN MILE,320
Wadi Al Safa 3,Binghatti Vintage,727
Wadi Al Safa 3,THE FIELDS AT D11 - MBRMC,658
Wadi Al Safa 3,Binghatti Titania,371
Wadi Al Safa 5,SKY COURTS,683
Wadi Al Safa 5,Verdes by Haven 1,495
Wadi Al Safa 5,Samana IVY Gardens 2,442
