area_label,year,reg_type,n_sales,median_psqm
Al Barsha First,2025,Off-plan,48,18282.0
Al Barsha First,2026,Off-plan,41,19375.0
Al Barsha South Fifth,2019,Existing,39,8459.0
Al Barsha South Fifth,2019,Off-plan,46,11753.0
Al Barsha South Fifth,2020,Existing,43,7562.0
Al Barsha South Fifth,2020,Off-plan,35,5920.0
Al Barsha South Fifth,2021,Existing,63,8611.0
Al Barsha South Fifth,2022,Existing,121,8650.0
Al Barsha South Fifth,2022,Off-plan,163,11302.0
Al Barsha South Fifth,2023,Existing,152,8899.0
Al Barsha South Fifth,2023,Off-plan,499,15569.0
Al Barsha South Fifth,2024,Existing,142,10348.0
Al Barsha South Fifth,2024,Off-plan,1226,15357.0
Al Barsha South Fifth,2025,Existing,295,13167.0
Al Barsha South Fifth,2025,Off-plan,2205,17187.0
Al Barsha South Fifth,2026,Existing,150,15004.0
Al Barsha South Fifth,2026,Off-plan,876,18409.0
Al Barsha South Fourth,2019,Existing,348,7737.0
Al Barsha South Fourth,2019,Off-plan,325,10528.0
Al Barsha South Fourth,2020,Existing,385,6992.0
Al Barsha South Fourth,2020,Off-plan,598,10307.0
Al Barsha South Fourth,2021,Existing,831,8712.0
Al Barsha South Fourth,2021,Off-plan,842,9406.0
Al Barsha South Fourth,2022,Existing,1316,9636.0
Al Barsha South Fourth,2022,Off-plan,1397,10442.0
Al Barsha South Fourth,2023,Existing,1848,10042.0
Al Barsha South Fourth,2023,Off-plan,4708,13143.0
Al Barsha South Fourth,2024,Existing,2314,12064.0
Al Barsha South Fourth,2024,Off-plan,5963,14531.0
Al Barsha South Fourth,2025,Existing,2659,13772.0
Al Barsha South Fourth,2025,Off-plan,6126,16502.0
Al Barsha South Fourth,2026,Existing,1501,13933.0
Al Barsha South Fourth,2026,Off-plan,2133,16727.0
Al Barshaa South Second,2019,Off-plan,118,12341.0
Al Barshaa South Second,2020,Off-plan,65,12465.0
Al Barshaa South Second,2021,Existing,38,11840.0
Al Barshaa South Second,2022,Existing,56,9185.0
Al Barshaa South Second,2023,Existing,147,9311.0
Al Barshaa South Second,2023,Off-plan,301,13318.0
Al Barshaa South Second,2024,Existing,101,12611.0
Al Barshaa South Second,2024,Off-plan,1156,16062.0
Al Barshaa South Second,2025,Existing,106,14978.0
Al Barshaa South Second,2025,Off-plan,2548,17981.0
Al Barshaa South Second,2026,Existing,54,14675.0
Al Barshaa South Second,2026,Off-plan,469,18981.0
Al Barshaa South Third,2019,Existing,46,7969.0
Al Barshaa South Third,2019,Off-plan,196,10610.0
Al Barshaa South Third,2020,Existing,168,8083.0
Al Barshaa South Third,2020,Off-plan,138,12066.0
Al Barshaa South Third,2021,Existing,147,9150.0
Al Barshaa South Third,2021,Off-plan,311,9378.0
Al Barshaa South Third,2022,Existing,316,9135.0
Al Barshaa South Third,2022,Off-plan,955,12573.0
Al Barshaa South Third,2023,Existing,411,9253.0
Al Barshaa South Third,2023,Off-plan,1801,14163.0
Al Barshaa South Third,2024,Existing,584,11611.0
Al Barshaa South Third,2024,Off-plan,1733,14725.0
Al Barshaa South Third,2025,Existing,671,13935.0
Al Barshaa South Third,2025,Off-plan,1230,16226.0
Al Barshaa South Third,2026,Existing,432,14621.0
Al Barshaa South Third,2026,Off-plan,805,18442.0
Al Goze Fourth,2019,Existing,102,3813.0
Al Goze Fourth,2020,Existing,65,4753.0
Al Goze Fourth,2021,Existing,46,5622.0
Al Goze Fourth,2022,Existing,37,5931.0
Al Goze Fourth,2023,Existing,60,6956.0
Al Goze Fourth,2024,Existing,80,8029.0
Al Goze Fourth,2025,Existing,95,8335.0
Al Goze Fourth,2026,Existing,36,10254.0
Al Hebiah Fifth,2019,Existing,57,6319.0
Al Hebiah Fifth,2020,Existing,45,5556.0
Al Hebiah Fifth,2020,Off-plan,35,12187.0
Al Hebiah Fifth,2021,Existing,119,5115.0
Al Hebiah Fifth,2022,Existing,186,6639.0
Al Hebiah Fifth,2023,Existing,180,6770.0
Al Hebiah Fifth,2024,Existing,287,8065.0
Al Hebiah Fifth,2024,Off-plan,795,18192.0
Al Hebiah Fifth,2025,Existing,210,9604.0
Al Hebiah Fifth,2025,Off-plan,371,18271.0
Al Hebiah Fifth,2026,Existing,79,10305.0
Al Hebiah Fifth,2026,Off-plan,1031,19138.0
Al Hebiah First,2019,Existing,81,10154.0
Al Hebiah First,2020,Existing,90,6722.0
Al Hebiah First,2021,Existing,218,8191.0
Al Hebiah First,2022,Existing,163,7031.0
Al Hebiah First,2023,Existing,199,7493.0
Al Hebiah First,2023,Off-plan,171,12014.0
Al Hebiah First,2024,Existing,325,8442.0
Al Hebiah First,2024,Off-plan,689,20290.0
Al Hebiah First,2025,Existing,430,10369.0
Al Hebiah First,2025,Off-plan,2328,20990.0
Al Hebiah First,2026,Existing,230,10996.0
Al Hebiah First,2026,Off-plan,892,19704.0
Al Hebiah Fourth,2019,Existing,255,7368.0
Al Hebiah Fourth,2019,Off-plan,139,8140.0
Al Hebiah Fourth,2020,Existing,259,5716.0
Al Hebiah Fourth,2020,Off-plan,472,9499.0
Al Hebiah Fourth,2021,Existing,414,5905.0
Al Hebiah Fourth,2021,Off-plan,551,11736.0
Al Hebiah Fourth,2022,Existing,432,6454.0
Al Hebiah Fourth,2022,Off-plan,168,11750.0
Al Hebiah Fourth,2023,Existing,801,7839.0
Al Hebiah Fourth,2023,Off-plan,311,14954.0
Al Hebiah Fourth,2024,Existing,757,8883.0
Al Hebiah Fourth,2024,Off-plan,1063,15649.0
Al Hebiah Fourth,2025,Existing,823,9763.0
Al Hebiah Fourth,2025,Off-plan,944,15771.0
Al Hebiah Fourth,2026,Existing,417,10851.0
Al Hebiah Fourth,2026,Off-plan,563,15009.0
Al Hebiah Second,2020,Off-plan,38,11479.0
Al Hebiah Second,2021,Off-plan,68,12044.0
Al Hebiah Second,2022,Off-plan,51,12932.0
Al Hebiah Second,2023,Existing,35,8345.0
Al Hebiah Second,2023,Off-plan,328,13542.0
Al Hebiah Second,2024,Existing,136,14897.0
Al Hebiah Second,2024,Off-plan,304,14874.0
Al Hebiah Second,2025,Existing,168,14548.0
Al Hebiah Second,2025,Off-plan,497,15435.0
Al Hebiah Second,2026,Existing,111,14992.0
Al Hebiah Second,2026,Off-plan,341,16498.0
Al Hebiah Sixth,2022,Off-plan,308,11516.0
Al Hebiah Sixth,2023,Off-plan,313,12872.0
Al Hebiah Sixth,2024,Off-plan,324,14838.0
Al Hebiah Sixth,2025,Existing,82,17862.0
Al Hebiah Sixth,2025,Off-plan,124,16101.0
Al Hebiah Sixth,2026,Existing,102,18518.0
Al Hebiah Sixth,2026,Off-plan,38,17715.0
Al Hebiah Third,2019,Existing,76,10392.0
Al Hebiah Third,2019,Off-plan,134,13865.0
Al Hebiah Third,2020,Existing,38,9267.0
Al Hebiah Third,2020,Off-plan,99,12413.0
Al Hebiah Third,2021,Existing,148,9563.0
Al Hebiah Third,2021,Off-plan,173,12792.0
Al Hebiah Third,2022,Existing,371,10991.0
Al Hebiah Third,2022,Off-plan,94,13371.0
Al Hebiah Third,2023,Existing,433,11369.0
Al Hebiah Third,2023,Off-plan,338,14991.0
Al Hebiah Third,2024,Existing,288,13008.0
Al Hebiah Third,2024,Off-plan,317,17494.0
Al Hebiah Third,2025,Existing,369,13994.0
Al Hebiah Third,2025,Off-plan,312,18913.0
Al Hebiah Third,2026,Existing,171,14293.0
Al Hebiah Third,2026,Off-plan,273,19363.0
Al Jadaf,2019,Existing,39,12346.0
Al Jadaf,2019,Off-plan,63,16994.0
Al Jadaf,2020,Existing,41,9847.0
Al Jadaf,2020,Off-plan,112,8727.0
Al Jadaf,2021,Existing,77,9166.0
Al Jadaf,2021,Off-plan,298,8978.0
Al Jadaf,2022,Existing,133,10375.0
Al Jadaf,2022,Off-plan,366,13316.0
Al Jadaf,2023,Existing,226,12662.0
Al Jadaf,2023,Off-plan,257,24451.0
Al Jadaf,2024,Existing,253,14171.0
Al Jadaf,2024,Off-plan,598,19056.0
Al Jadaf,2025,Existing,261,16265.0
Al Jadaf,2025,Off-plan,1191,20634.0
Al Jadaf,2026,Existing,193,19345.0
Al Jadaf,2026,Off-plan,679,22412.0
Al Khairan First,2019,Off-plan,806,15654.0
Al Khairan First,2020,Existing,30,12243.0
Al Khairan First,2020,Off-plan,418,16064.0
Al Khairan First,2021,Existing,203,18570.0
Al Khairan First,2021,Off-plan,218,18184.0
Al Khairan First,2022,Existing,407,19633.0
Al Khairan First,2022,Off-plan,1357,19184.0
Al Khairan First,2023,Existing,707,20279.0
Al Khairan First,2023,Off-plan,1601,22665.0
Al Khairan First,2024,Existing,533,23639.0
Al Khairan First,2024,Off-plan,1484,26022.0
Al Khairan First,2025,Existing,717,24757.0
Al Khairan First,2025,Off-plan,1187,26862.0
Al Khairan First,2026,Existing,423,24936.0
Al Khairan First,2026,Off-plan,1027,28328.0
Al Kheeran,2019,Existing,32,10956.0
Al Kheeran,2024,Existing,37,15074.0
Al Kheeran,2025,Existing,34,17152.0
Al Kifaf,2019,Off-plan,30,16229.0
Al Kifaf,2021,Existing,49,14292.0
Al Kifaf,2022,Existing,227,17192.0
Al Kifaf,2023,Existing,237,18601.0
Al Kifaf,2023,Off-plan,90,20293.0
Al Kifaf,2024,Existing,93,21227.0
Al Kifaf,2024,Off-plan,325,21984.0
Al Kifaf,2025,Existing,72,21931.0
Al Kifaf,2025,Off-plan,339,23678.0
Al Kifaf,2026,Existing,37,21713.0
Al Kifaf,2026,Off-plan,68,24489.0
Al Merkadh,2019,Off-plan,700,16141.0
Al Merkadh,2020,Off-plan,747,17014.0
Al Merkadh,2021,Existing,89,16533.0
Al Merkadh,2021,Off-plan,1070,17532.0
Al Merkadh,2022,Existing,203,15995.0
Al Merkadh,2022,Off-plan,2376,18460.0
Al Merkadh,2023,Existing,659,18445.0
Al Merkadh,2023,Off-plan,3506,19913.0
Al Merkadh,2024,Existing,1172,19312.0
Al Merkadh,2024,Off-plan,2279,20507.0
Al Merkadh,2025,Existing,1202,22032.0
Al Merkadh,2025,Off-plan,295,22326.0
Al Merkadh,2026,Existing,656,21250.0
Al Merkadh,2026,Off-plan,238,22786.0
Al Rowaiyah First,2026,Off-plan,62,30070.0
Al Safouh First,2023,Existing,42,11269.0
Al Safouh First,2025,Existing,48,17255.0
Al Safouh Second,2021,Off-plan,88,24029.0
Al Safouh Second,2022,Off-plan,127,27102.0
Al Safouh Second,2023,Off-plan,74,33622.0
Al Safouh Second,2024,Off-plan,181,34285.0
Al Safouh Second,2025,Existing,104,10475.0
Al Safouh Second,2025,Off-plan,106,33741.0
Al Safouh Second,2026,Existing,49,24424.0
Al Safouh Second,2026,Off-plan,37,37667.0
Al Satwa,2024,Off-plan,134,20190.0
Al Satwa,2025,Off-plan,633,23526.0
Al Satwa,2026,Existing,43,18560.0
Al Satwa,2026,Off-plan,591,24616.0
Al Thanayah Fourth,2019,Existing,121,6362.0
Al Thanayah Fourth,2020,Existing,115,6257.0
Al Thanayah Fourth,2021,Existing,175,8295.0
Al Thanayah Fourth,2022,Existing,219,9259.0
Al Thanayah Fourth,2023,Existing,226,11197.0
Al Thanayah Fourth,2024,Existing,254,14175.0
Al Thanayah Fourth,2025,Existing,213,16813.0
Al Thanayah Fourth,2026,Existing,120,17695.0
Al Thanyah Fifth,2019,Existing,213,9317.0
Al Thanyah Fifth,2019,Off-plan,274,10118.0
Al Thanyah Fifth,2020,Existing,235,7920.0
Al Thanyah Fifth,2020,Off-plan,166,10506.0
Al Thanyah Fifth,2021,Existing,546,9331.0
Al Thanyah Fifth,2021,Off-plan,716,10915.0
Al Thanyah Fifth,2022,Existing,657,10763.0
Al Thanyah Fifth,2022,Off-plan,179,11679.0
Al Thanyah Fifth,2023,Existing,718,11455.0
Al Thanyah Fifth,2023,Off-plan,1353,21582.0
Al Thanyah Fifth,2024,Existing,891,14471.0
Al Thanyah Fifth,2024,Off-plan,1321,22066.0
Al Thanyah Fifth,2025,Existing,717,15268.0
Al Thanyah Fifth,2025,Off-plan,1224,26016.0
Al Thanyah Fifth,2026,Existing,313,15382.0
Al Thanyah Fifth,2026,Off-plan,632,26353.0
Al Thanyah First,2022,Existing,35,7781.0
Al Thanyah First,2023,Existing,49,8507.0
Al Thanyah First,2024,Existing,36,11358.0
Al Thanyah First,2025,Existing,44,12401.0
Al Thanyah First,2025,Off-plan,39,20534.0
Al Thanyah Third,2019,Existing,178,10343.0
Al Thanyah Third,2020,Existing,159,8997.0
Al Thanyah Third,2021,Existing,232,10959.0
Al Thanyah Third,2022,Existing,310,11636.0
Al Thanyah Third,2022,Off-plan,124,23242.0
Al Thanyah Third,2023,Existing,411,14314.0
Al Thanyah Third,2024,Existing,386,16707.0
Al Thanyah Third,2025,Existing,326,18719.0
Al Thanyah Third,2026,Existing,169,20329.0
Al Warsan First,2019,Existing,493,5000.0
Al Warsan First,2019,Off-plan,41,9229.0
Al Warsan First,2020,Existing,291,4494.0
Al Warsan First,2020,Off-plan,174,9009.0
Al Warsan First,2021,Existing,462,4519.0
Al Warsan First,2021,Off-plan,88,8823.0
Al Warsan First,2022,Existing,736,4701.0
Al Warsan First,2023,Existing,957,5233.0
Al Warsan First,2023,Off-plan,192,12718.0
Al Warsan First,2024,Existing,952,5942.0
Al Warsan First,2024,Off-plan,31,12652.0
Al Warsan First,2025,Existing,913,6818.0
Al Warsan First,2026,Existing,447,7282.0
Al Warsan First,2026,Off-plan,280,13506.0
Al Wasl,2019,Existing,34,17486.0
Al Wasl,2019,Off-plan,34,17606.0
Al Wasl,2021,Existing,51,16937.0
Al Wasl,2021,Off-plan,46,16783.0
Al Wasl,2022,Existing,54,18364.0
Al Wasl,2022,Off-plan,1040,21953.0
Al Wasl,2023,Existing,129,20171.0
Al Wasl,2023,Off-plan,530,26704.0
Al Wasl,2024,Existing,191,23142.0
Al Wasl,2024,Off-plan,655,31530.0
Al Wasl,2025,Existing,212,30258.0
Al Wasl,2025,Off-plan,788,34618.0
Al Wasl,2026,Existing,115,29103.0
Al Wasl,2026,Off-plan,390,35970.0
Al Yelayiss 1,2019,Existing,65,6200.0
Al Yelayiss 1,2019,Off-plan,157,7609.0
Al Yelayiss 1,2020,Existing,77,5808.0
Al Yelayiss 1,2020,Off-plan,42,8595.0
Al Yelayiss 1,2021,Existing,123,6924.0
Al Yelayiss 1,2021,Off-plan,48,9028.0
Al Yelayiss 1,2022,Existing,105,7964.0
Al Yelayiss 1,2023,Existing,168,9078.0
Al Yelayiss 1,2024,Existing,187,11315.0
Al Yelayiss 1,2025,Existing,158,12345.0
Al Yelayiss 1,2025,Off-plan,32,19610.0
Al Yelayiss 1,2026,Existing,77,13271.0
Al Yelayiss 1,2026,Off-plan,1702,19611.0
Al Yelayiss 2,2019,Existing,69,6841.0
Al Yelayiss 2,2019,Off-plan,141,6697.0
Al Yelayiss 2,2020,Existing,404,8312.0
Al Yelayiss 2,2020,Off-plan,170,10497.0
Al Yelayiss 2,2021,Existing,463,8663.0
Al Yelayiss 2,2021,Off-plan,114,8407.0
Al Yelayiss 2,2022,Existing,208,8622.0
Al Yelayiss 2,2022,Off-plan,203,9184.0
Al Yelayiss 2,2023,Existing,305,9605.0
Al Yelayiss 2,2023,Off-plan,1173,11260.0
Al Yelayiss 2,2024,Existing,539,11369.0
Al Yelayiss 2,2024,Off-plan,1008,12978.0
Al Yelayiss 2,2025,Existing,561,13868.0
Al Yelayiss 2,2025,Off-plan,733,16208.0
Al Yelayiss 2,2026,Existing,336,14453.0
Al Yelayiss 2,2026,Off-plan,380,18138.0
Al Yufrah 1,2020,Off-plan,43,6758.0
Al Yufrah 1,2021,Off-plan,284,7752.0
Al Yufrah 1,2022,Off-plan,397,8662.0
Al Yufrah 1,2023,Off-plan,878,10683.0
Al Yufrah 1,2024,Existing,51,12931.0
Al Yufrah 1,2024,Off-plan,1381,13094.0
Al Yufrah 1,2025,Existing,104,15230.0
Al Yufrah 1,2025,Off-plan,1132,15018.0
Al Yufrah 1,2026,Existing,127,15690.0
Al Yufrah 1,2026,Off-plan,230,19362.0
Bukadra,2024,Off-plan,2060,25726.0
Bukadra,2025,Off-plan,2215,26156.0
Bukadra,2026,Off-plan,841,27145.0
Burj Khalifa (Downtown Dubai),2019,Existing,264,13819.0
Burj Khalifa (Downtown Dubai),2019,Off-plan,677,21826.0
Burj Khalifa (Downtown Dubai),2020,Existing,251,13124.0
Burj Khalifa (Downtown Dubai),2020,Off-plan,474,21158.0
Burj Khalifa (Downtown Dubai),2021,Existing,590,15437.0
Burj Khalifa (Downtown Dubai),2021,Off-plan,468,25367.0
Burj Khalifa (Downtown Dubai),2022,Existing,837,18792.0
Burj Khalifa (Downtown Dubai),2022,Off-plan,1363,27980.0
Burj Khalifa (Downtown Dubai),2023,Existing,1229,22061.0
Burj Khalifa (Downtown Dubai),2023,Off-plan,956,29078.0
Burj Khalifa (Downtown Dubai),2024,Existing,1167,25250.0
Burj Khalifa (Downtown Dubai),2024,Off-plan,772,31002.0
Burj Khalifa (Downtown Dubai),2025,Existing,1053,27069.0
Burj Khalifa (Downtown Dubai),2025,Off-plan,724,38370.0
Burj Khalifa (Downtown Dubai),2026,Existing,488,26502.0
Burj Khalifa (Downtown Dubai),2026,Off-plan,220,37774.0
Business Bay,2019,Existing,207,11653.0
Business Bay,2019,Off-plan,571,18048.0
Business Bay,2020,Existing,333,12301.0
Business Bay,2020,Off-plan,438,16442.0
Business Bay,2021,Existing,1029,13993.0
Business Bay,2021,Off-plan,948,16519.0
Business Bay,2022,Existing,1318,15564.0
Business Bay,2022,Off-plan,2719,20439.0
Business Bay,2023,Existing,1554,16989.0
Business Bay,2023,Off-plan,2571,24886.0
Business Bay,2024,Existing,1674,18844.0
Business Bay,2024,Off-plan,3219,27936.0
Business Bay,2025,Existing,1616,19186.0
Business Bay,2025,Off-plan,4285,28372.0
Business Bay,2026,Existing,832,20046.0
Business Bay,2026,Off-plan,879,29164.0
Dubai Investment Park First,2020,Existing,76,10114.0
Dubai Investment Park First,2022,Off-plan,57,6458.0
Dubai Investment Park Second,2024,Off-plan,804,17197.0
Dubai Investment Park Second,2025,Off-plan,2733,16217.0
Dubai Investment Park Second,2026,Off-plan,466,16195.0
Hadaeq Sheikh Mohammed Bin Rashid,2019,Existing,36,9766.0
Hadaeq Sheikh Mohammed Bin Rashid,2019,Off-plan,910,15017.0
Hadaeq Sheikh Mohammed Bin Rashid,2020,Existing,134,9880.0
Hadaeq Sheikh Mohammed Bin Rashid,2020,Off-plan,333,14192.0
Hadaeq Sheikh Mohammed Bin Rashid,2021,Existing,347,12665.0
Hadaeq Sheikh Mohammed Bin Rashid,2021,Off-plan,765,12884.0
Hadaeq Sheikh Mohammed Bin Rashid,2022,Existing,589,15756.0
Hadaeq Sheikh Mohammed Bin Rashid,2022,Off-plan,978,18737.0
Hadaeq Sheikh Mohammed Bin Rashid,2023,Existing,585,19761.0
Hadaeq Sheikh Mohammed Bin Rashid,2023,Off-plan,1874,21631.0
Hadaeq Sheikh Mohammed Bin Rashid,2024,Existing,702,22097.0
Hadaeq Sheikh Mohammed Bin Rashid,2024,Off-plan,2809,24785.0
Hadaeq Sheikh Mohammed Bin Rashid,2025,Existing,739,23738.0
Hadaeq Sheikh Mohammed Bin Rashid,2025,Off-plan,1540,26855.0
Hadaeq Sheikh Mohammed Bin Rashid,2026,Existing,404,24040.0
Hadaeq Sheikh Mohammed Bin Rashid,2026,Off-plan,424,25993.0
Island 2,2019,Existing,38,36285.0
Island 2,2019,Off-plan,35,19983.0
Jabal Ali First,2019,Existing,197,7273.0
Jabal Ali First,2019,Off-plan,118,10045.0
Jabal Ali First,2020,Existing,183,6244.0
Jabal Ali First,2020,Off-plan,37,9967.0
Jabal Ali First,2021,Existing,281,6522.0
Jabal Ali First,2021,Off-plan,67,10029.0
Jabal Ali First,2022,Existing,597,8568.0
Jabal Ali First,2022,Off-plan,449,11555.0
Jabal Ali First,2023,Existing,776,9477.0
Jabal Ali First,2023,Off-plan,435,12332.0
Jabal Ali First,2024,Existing,927,10000.0
Jabal Ali First,2024,Off-plan,1706,13230.0
Jabal Ali First,2025,Existing,936,11339.0
Jabal Ali First,2025,Off-plan,2488,15839.0
Jabal Ali First,2026,Existing,644,11595.0
Jabal Ali First,2026,Off-plan,1645,17976.0
Jabal Ali Industrial Second,2020,Off-plan,40,13307.0
Jabal Ali Industrial Second,2021,Off-plan,45,11365.0
Jabal Ali Industrial Second,2022,Off-plan,59,12814.0
Jabal Ali Industrial Second,2023,Existing,48,11914.0
Jabal Ali Industrial Second,2023,Off-plan,35,12263.0
Jabal Ali Industrial Second,2024,Existing,65,11635.0
Jabal Ali Industrial Second,2024,Off-plan,215,14281.0
Jabal Ali Industrial Second,2025,Existing,103,12633.0
Jabal Ali Industrial Second,2025,Off-plan,269,14253.0
Jabal Ali Industrial Second,2026,Existing,39,15690.0
Jabal Ali Industrial Second,2026,Off-plan,1086,18576.0
Jumeirah First,2019,Off-plan,345,18760.0
Jumeirah First,2020,Off-plan,123,18367.0
Jumeirah First,2021,Off-plan,238,19401.0
Jumeirah First,2022,Existing,104,25377.0
Jumeirah First,2022,Off-plan,234,25049.0
Jumeirah First,2023,Existing,104,28891.0
Jumeirah First,2023,Off-plan,36,28173.0
Jumeirah First,2024,Existing,67,29663.0
Jumeirah First,2025,Existing,106,32495.0
Jumeirah First,2025,Off-plan,66,76727.0
Jumeirah First,2026,Existing,41,33055.0
Jumeirah Second,2024,Off-plan,33,49189.0
Jumeirah Second,2025,Off-plan,99,76331.0
Madinat Al Mataar,2019,Off-plan,916,7600.0
Madinat Al Mataar,2020,Existing,70,7810.0
Madinat Al Mataar,2020,Off-plan,262,7578.0
Madinat Al Mataar,2021,Existing,123,7134.0
Madinat Al Mataar,2021,Off-plan,210,7349.0
Madinat Al Mataar,2022,Existing,285,7094.0
Madinat Al Mataar,2022,Off-plan,697,6946.0
Madinat Al Mataar,2023,Existing,509,8847.0
Madinat Al Mataar,2023,Off-plan,656,12170.0
Madinat Al Mataar,2024,Existing,663,9686.0
Madinat Al Mataar,2024,Off-plan,2850,16458.0
Madinat Al Mataar,2025,Existing,645,11887.0
Madinat Al Mataar,2025,Off-plan,4024,17809.0
Madinat Al Mataar,2026,Existing,383,12223.0
Madinat Al Mataar,2026,Off-plan,5993,18047.0
Madinat Dubai Almelaheyah,2022,Existing,34,18385.0
Madinat Dubai Almelaheyah,2022,Off-plan,110,16946.0
Madinat Dubai Almelaheyah,2023,Off-plan,878,20341.0
Madinat Dubai Almelaheyah,2024,Off-plan,2456,25222.0
Madinat Dubai Almelaheyah,2025,Existing,37,22931.0
Madinat Dubai Almelaheyah,2025,Off-plan,2731,32180.0
Madinat Dubai Almelaheyah,2026,Off-plan,815,33230.0
Madinat Hind 4,2019,Off-plan,91,9695.0
Madinat Hind 4,2021,Off-plan,33,9641.0
Madinat Hind 4,2022,Off-plan,34,10003.0
Madinat Hind 4,2023,Existing,61,8471.0
Madinat Hind 4,2024,Existing,58,9992.0
Madinat Hind 4,2024,Off-plan,779,13051.0
Madinat Hind 4,2025,Existing,56,11502.0
Madinat Hind 4,2025,Off-plan,78,13331.0
Marsa Dubai (Dubai Marina),2019,Existing,883,12971.0
Marsa Dubai (Dubai Marina),2019,Off-plan,648,21201.0
Marsa Dubai (Dubai Marina),2020,Existing,808,10942.0
Marsa Dubai (Dubai Marina),2020,Off-plan,390,22222.0
Marsa Dubai (Dubai Marina),2021,Existing,1472,13318.0
Marsa Dubai (Dubai Marina),2021,Off-plan,1154,26198.0
Marsa Dubai (Dubai Marina),2022,Existing,1940,15287.0
Marsa Dubai (Dubai Marina),2022,Off-plan,1328,29289.0
Marsa Dubai (Dubai Marina),2023,Existing,2168,16163.0
Marsa Dubai (Dubai Marina),2023,Off-plan,2184,42219.0
Marsa Dubai (Dubai Marina),2024,Existing,2055,18175.0
Marsa Dubai (Dubai Marina),2024,Off-plan,1519,31264.0
Marsa Dubai (Dubai Marina),2025,Existing,1854,20328.0
Marsa Dubai (Dubai Marina),2025,Off-plan,1666,36842.0
Marsa Dubai (Dubai Marina),2026,Existing,924,21413.0
Marsa Dubai (Dubai Marina),2026,Off-plan,224,46464.0
Me'Aisem First,2019,Existing,139,6471.0
Me'Aisem First,2019,Off-plan,76,10679.0
Me'Aisem First,2020,Existing,112,5951.0
Me'Aisem First,2021,Existing,323,10582.0
Me'Aisem First,2021,Off-plan,78,11746.0
Me'Aisem First,2022,Existing,329,8073.0
Me'Aisem First,2022,Off-plan,126,12621.0
Me'Aisem First,2023,Existing,563,10348.0
Me'Aisem First,2023,Off-plan,169,17694.0
Me'Aisem First,2024,Existing,619,10021.0
Me'Aisem First,2024,Off-plan,612,15263.0
Me'Aisem First,2025,Existing,664,10949.0
Me'Aisem First,2025,Off-plan,1792,15237.0
Me'Aisem First,2026,Existing,307,11378.0
Me'Aisem First,2026,Off-plan,901,15217.0
Mirdif,2022,Existing,132,8270.0
Mirdif,2023,Existing,106,12006.0
Mirdif,2024,Existing,127,12863.0
Mirdif,2025,Existing,45,12855.0
Mirdif,2025,Off-plan,33,14531.0
Muhaisanah First,2021,Existing,106,12084.0
Muhaisanah First,2022,Existing,202,12345.0
Muhaisanah First,2023,Existing,67,13991.0
Nad Al Shiba First,2019,Existing,31,9399.0
Nad Al Shiba First,2020,Existing,84,10801.0
Nad Al Shiba First,2021,Existing,96,13085.0
Nad Al Shiba First,2022,Existing,125,12339.0
Nad Al Shiba First,2023,Existing,138,13427.0
Nad Al Shiba First,2023,Off-plan,125,16193.0
Nad Al Shiba First,2024,Existing,159,15139.0
Nad Al Shiba First,2024,Off-plan,266,18299.0
Nad Al Shiba First,2025,Existing,116,16135.0
Nad Al Shiba First,2025,Off-plan,362,24741.0
Nad Al Shiba First,2026,Existing,86,17885.0
Nad Al Shiba First,2026,Off-plan,908,37792.0
Nadd Hessa,2019,Off-plan,35,9061.0
Nadd Hessa,2020,Off-plan,37,7533.0
Nadd Hessa,2021,Existing,35,7280.0
Nadd Hessa,2021,Off-plan,34,5925.0
Nadd Hessa,2022,Existing,58,7155.0
Nadd Hessa,2022,Off-plan,93,11351.0
Nadd Hessa,2023,Off-plan,201,11409.0
Nadd Hessa,2024,Existing,45,9109.0
Nadd Hessa,2024,Off-plan,373,11491.0
Nadd Hessa,2025,Existing,91,10613.0
Nadd Hessa,2025,Off-plan,1220,19739.0
Nadd Hessa,2026,Existing,65,11946.0
Nadd Hessa,2026,Off-plan,221,17014.0
Palm Deira,2023,Off-plan,190,27009.0
Palm Deira,2024,Off-plan,562,22867.0
Palm Deira,2025,Off-plan,2119,26017.0
Palm Deira,2026,Off-plan,1654,30301.0
Palm Jabal Ali,2025,Off-plan,37,37807.0
Palm Jabal Ali,2026,Off-plan,174,38088.0
Palm Jumeirah,2019,Existing,253,10113.0
Palm Jumeirah,2019,Off-plan,72,24532.0
Palm Jumeirah,2020,Existing,182,10816.0
Palm Jumeirah,2020,Off-plan,156,18940.0
Palm Jumeirah,2021,Existing,444,13795.0
Palm Jumeirah,2021,Off-plan,228,32228.0
Palm Jumeirah,2022,Existing,627,19517.0
Palm Jumeirah,2022,Off-plan,664,35410.0
Palm Jumeirah,2023,Existing,587,20782.0
Palm Jumeirah,2023,Off-plan,357,45140.0
Palm Jumeirah,2024,Existing,521,23913.0
Palm Jumeirah,2024,Off-plan,153,48289.0
Palm Jumeirah,2025,Existing,485,27762.0
Palm Jumeirah,2025,Off-plan,205,54852.0
Palm Jumeirah,2026,Existing,229,27455.0
Palm Jumeirah,2026,Off-plan,129,63857.0
Ras Al Khor Industrial First,2024,Off-plan,1187,23142.0
Ras Al Khor Industrial First,2025,Off-plan,412,24757.0
Ras Al Khor Industrial First,2026,Off-plan,180,25507.0
Saih Shuaib 1,2026,Off-plan,188,29196.0
Saih Shuaib 2,2024,Existing,152,10764.0
Saih Shuaib 2,2025,Existing,78,10461.0
Saih Shuaib 2,2025,Off-plan,426,16146.0
Saih Shuaib 2,2026,Off-plan,277,15436.0
Trade Center First,2025,Off-plan,196,39231.0
Trade Center First,2026,Off-plan,57,39399.0
Trade Center Second,2025,Off-plan,370,51324.0
Um Suqaim Third,2019,Off-plan,109,17526.0
Um Suqaim Third,2020,Off-plan,98,17647.0
Um Suqaim Third,2021,Off-plan,171,18209.0
Um Suqaim Third,2022,Existing,94,24972.0
Um Suqaim Third,2022,Off-plan,397,22275.0
Um Suqaim Third,2023,Existing,64,29082.0
Um Suqaim Third,2023,Off-plan,402,25309.0
Um Suqaim Third,2024,Existing,49,29617.0
Um Suqaim Third,2024,Off-plan,302,29006.0
Um Suqaim Third,2025,Existing,72,32017.0
Um Suqaim Third,2025,Off-plan,111,29055.0
Um Suqaim Third,2026,Existing,49,29041.0
Um Suqaim Third,2026,Off-plan,115,29711.0
Wadi Al Safa 2,2019,Existing,93,6039.0
Wadi Al Safa 2,2019,Off-plan,233,4306.0
Wadi Al Safa 2,2020,Existing,73,5298.0
Wadi Al Safa 2,2020,Off-plan,114,9283.0
Wadi Al Safa 2,2021,Existing,81,4554.0
Wadi Al Safa 2,2022,Existing,93,4700.0
Wadi Al Safa 2,2023,Existing,127,5337.0
Wadi Al Safa 2,2023,Off-plan,142,9880.0
Wadi Al Safa 2,2024,Existing,233,7171.0
Wadi Al Safa 2,2024,Off-plan,333,12635.0
Wadi Al Safa 2,2025,Existing,219,8537.0
Wadi Al Safa 2,2025,Off-plan,767,16181.0
Wadi Al Safa 2,2026,Existing,168,9546.0
Wadi Al Safa 2,2026,Off-plan,307,16354.0
Wadi Al Safa 3,2019,Off-plan,32,8421.0
Wadi Al Safa 3,2020,Existing,47,5426.0
Wadi Al Safa 3,2021,Existing,99,6814.0
Wadi Al Safa 3,2021,Off-plan,91,10973.0
Wadi Al Safa 3,2022,Existing,83,7643.0
Wadi Al Safa 3,2022,Off-plan,137,14605.0
Wadi Al Safa 3,2023,Existing,193,9793.0
Wadi Al Safa 3,2023,Off-plan,616,17573.0
Wadi Al Safa 3,2024,Existing,281,10716.0
Wadi Al Safa 3,2024,Off-plan,1172,15565.0
Wadi Al Safa 3,2025,Existing,417,11369.0
Wadi Al Safa 3,2025,Off-plan,2300,16774.0
Wadi Al Safa 3,2026,Existing,452,12291.0
Wadi Al Safa 3,2026,Off-plan,2011,17251.0
Wadi Al Safa 4,2023,Off-plan,46,9737.0
Wadi Al Safa 4,2024,Off-plan,772,17617.0
Wadi Al Safa 4,2025,Off-plan,1276,20747.0
Wadi Al Safa 4,2026,Off-plan,1649,18491.0
Wadi Al Safa 5,2019,Off-plan,808,8093.0
Wadi Al Safa 5,2020,Existing,58,5813.0
Wadi Al Safa 5,2020,Off-plan,458,8611.0
Wadi Al Safa 5,2021,Existing,165,6315.0
Wadi Al Safa 5,2021,Off-plan,1027,8962.0
Wadi Al Safa 5,2022,Existing,308,7810.0
Wadi Al Safa 5,2022,Off-plan,999,9674.0
Wadi Al Safa 5,2023,Existing,577,9235.0
Wadi Al Safa 5,2023,Off-plan,1561,11136.0
Wadi Al Safa 5,2024,Existing,871,9847.0
Wadi Al Safa 5,2024,Off-plan,2900,14371.0
Wadi Al Safa 5,2025,Existing,796,10829.0
Wadi Al Safa 5,2025,Off-plan,4567,15531.0
Wadi Al Safa 5,2026,Existing,377,12382.0
Wadi Al Safa 5,2026,Off-plan,2544,16039.0
Wadi Al Safa 6,2019,Existing,44,6489.0
Wadi Al Safa 6,2020,Existing,58,6036.0
Wadi Al Safa 6,2021,Existing,106,7605.0
Wadi Al Safa 6,2022,Existing,101,9037.0
Wadi Al Safa 6,2023,Existing,102,10756.0
Wadi Al Safa 6,2024,Existing,93,13675.0
Wadi Al Safa 6,2025,Existing,109,15297.0
Wadi Al Safa 6,2026,Existing,40,16729.0
Wadi Al Safa 7,2019,Off-plan,311,7805.0
Wadi Al Safa 7,2020,Existing,86,6199.0
Wadi Al Safa 7,2020,Off-plan,95,7809.0
Wadi Al Safa 7,2021,Existing,150,8624.0
Wadi Al Safa 7,2021,Off-plan,234,7489.0
Wadi Al Safa 7,2022,Existing,238,11021.0
Wadi Al Safa 7,2022,Off-plan,392,8346.0
Wadi Al Safa 7,2023,Existing,167,10467.0
Wadi Al Safa 7,2023,Off-plan,158,9384.0
Wadi Al Safa 7,2024,Existing,274,11149.0
Wadi Al Safa 7,2024,Off-plan,470,10920.0
Wadi Al Safa 7,2025,Existing,352,13078.0
Wadi Al Safa 7,2025,Off-plan,432,13833.0
Wadi Al Safa 7,2026,Existing,131,15028.0
Wadi Al Safa 7,2026,Off-plan,83,13734.0
Warsan Fourth,2019,Existing,53,6258.0
Warsan Fourth,2020,Existing,47,7054.0
Warsan Fourth,2021,Existing,93,5328.0
Warsan Fourth,2022,Existing,73,5362.0
Warsan Fourth,2023,Existing,93,6221.0
Warsan Fourth,2023,Off-plan,63,8539.0
Warsan Fourth,2024,Existing,373,8332.0
Warsan Fourth,2024,Off-plan,50,9551.0
Warsan Fourth,2025,Existing,325,9136.0
Warsan Fourth,2025,Off-plan,479,11435.0
Warsan Fourth,2026,Existing,159,9499.0
Warsan Fourth,2026,Off-plan,397,13242.0
Zaabeel First,2022,Off-plan,51,40929.0
Zaabeel First,2023,Off-plan,73,41401.0
Zaabeel First,2024,Existing,31,46376.0
Zaabeel First,2024,Off-plan,832,28777.0
Zaabeel First,2025,Off-plan,45,29966.0
Zaabeel Second,2019,Off-plan,165,20301.0
Zaabeel Second,2020,Off-plan,81,20646.0
Zaabeel Second,2021,Off-plan,113,22351.0
Zaabeel Second,2022,Existing,36,22330.0
Zaabeel Second,2022,Off-plan,81,21222.0
Zaabeel Second,2023,Existing,190,24155.0
Zaabeel Second,2023,Off-plan,225,28113.0
Zaabeel Second,2024,Existing,182,27809.0
Zaabeel Second,2025,Existing,98,30729.0
Zaabeel Second,2025,Off-plan,216,32155.0
Zaabeel Second,2026,Existing,36,29303.0
Zaabeel Second,2026,Off-plan,288,34817.0
