year,quarter,period,reg_type,n_sales,median_psqm,total_value_aed
2019,1,2019 Q1,Existing,1080,9378.0,1376700171.0
2019,1,2019 Q1,Off-plan,1759,14775.0,2721525457.0
2019,2,2019 Q2,Existing,1008,8873.0,1292506543.0
2019,2,2019 Q2,Off-plan,2133,14749.0,3061821010.0
2019,3,2019 Q3,Existing,1152,8551.0,1479620604.0
2019,3,2019 Q3,Off-plan,2316,11978.0,3088655795.0
2019,4,2019 Q4,Existing,1451,9091.0,2097409374.0
2019,4,2019 Q4,Off-plan,3269,12344.0,5070059200.0
2020,1,2020 Q1,Existing,1270,8370.0,1594914291.0
2020,1,2020 Q1,Off-plan,2257,13392.0,3364206817.0
2020,2,2020 Q2,Existing,554,8947.0,765595702.0
2020,2,2020 Q2,Off-plan,1379,14724.0,2014543368.0
2020,3,2020 Q3,Existing,1492,8058.0,1678491157.0
2020,3,2020 Q3,Off-plan,1113,12424.0,1591173252.0
2020,4,2020 Q4,Existing,1874,8118.0,2400865559.0
2020,4,2020 Q4,Off-plan,1868,11114.0,2473649171.0
2021,1,2021 Q1,Existing,2218,8976.0,3066996883.0
2021,1,2021 Q1,Off-plan,1636,11536.0,2312109965.0
2021,2,2021 Q2,Existing,2652,10145.0,4164121065.0
2021,2,2021 Q2,Off-plan,2653,11653.0,4124899111.0
2021,3,2021 Q3,Existing,2558,10582.0,4215852451.0
2021,3,2021 Q3,Off-plan,3101,13788.0,6160025657.0
2021,4,2021 Q4,Existing,2793,10865.0,4925454130.0
2021,4,2021 Q4,Off-plan,3551,14717.0,7786594319.0
2022,1,2022 Q1,Existing,2968,11374.0,5374592061.0
2022,1,2022 Q1,Off-plan,3843,16023.0,7222612677.0
2022,2,2022 Q2,Existing,3708,11261.0,6667276469.0
2022,2,2022 Q2,Off-plan,4020,17726.0,8307834689.0
2022,3,2022 Q3,Existing,3723,11101.0,6128658462.0
2022,3,2022 Q3,Off-plan,5521,16979.0,11593493084.0
2022,4,2022 Q4,Existing,4263,11640.0,7185616276.0
2022,4,2022 Q4,Off-plan,6970,19882.0,17172993456.0
2023,1,2023 Q1,Existing,4511,12104.0,7845533407.0
2023,1,2023 Q1,Off-plan,7626,15764.0,17216747618.0
2023,2,2023 Q2,Existing,4865,12417.0,8618621729.0
2023,2,2023 Q2,Off-plan,6997,17425.0,16419211487.0
2023,3,2023 Q3,Existing,4700,12253.0,7869904288.0
2023,3,2023 Q3,Off-plan,9527,18831.0,22325872463.0
2023,4,2023 Q4,Existing,5192,12889.0,9008779659.0
2023,4,2023 Q4,Off-plan,8299,18635.0,19052660353.0
2024,1,2024 Q1,Existing,5322,13349.0,9410704053.0
2024,1,2024 Q1,Off-plan,9505,18745.0,20623768826.0
2024,2,2024 Q2,Existing,5266,13497.0,9916303885.0
2024,2,2024 Q2,Off-plan,12326,18467.0,24858515638.0
2024,3,2024 Q3,Existing,5708,13301.0,9872558420.0
2024,3,2024 Q3,Off-plan,15384,18105.0,32963257841.0
2024,4,2024 Q4,Existing,5829,14368.0,11084828754.0
2024,4,2024 Q4,Off-plan,15045,17888.0,30358847926.0
2025,1,2025 Q1,Existing,5438,14959.0,10929860225.0
2025,1,2025 Q1,Off-plan,12244,18527.0,26704074704.0
2025,2,2025 Q2,Existing,5945,15316.0,11645762800.0
2025,2,2025 Q2,Off-plan,14354,19307.0,32542113218.0
2025,3,2025 Q3,Existing,5396,14761.0,9968347791.0
2025,3,2025 Q3,Off-plan,19309,19880.0,39514256140.0
2025,4,2025 Q4,Existing,5994,15618.0,11733824091.0
2025,4,2025 Q4,Off-plan,18851,19903.0,40738307297.0
2026,1,2026 Q1,Existing,4906,16051.0,9831017359.0
2026,1,2026 Q1,Off-plan,14663,19758.0,35141381886.0
2026,2,2026 Q2,Existing,3388,15654.0,6831591817.0
2026,2,2026 Q2,Off-plan,12275,19334.0,24706612007.0
2026,3,2026 Q3,Existing,4044,15449.0,7838364312.0
2026,3,2026 Q3,Off-plan,11503,18697.0,19200915692.0
